Projeto  ,Cliente,Valor do Projeto,Moeda,Vendedor,Status,Data de Ganho,Valor USD Convertido
Estudo Reclame Aqui - Qual,Reclame Aqui,21172.06,BRL,Lucas Felix,Ganho,2024-12-27,3472.8817888478984
Discuss.io Quote Request for DIO-45065 - Danonino Spain Exploration with NON BUYERS,Discuss,750.0,USD,Luiz Gustavo Caminha,Ganho,2024-12-27,750.0
14449- Healthcare Providers Study - FMV study - BRAZIL: Allergy - Smart research,Sermo,3100.0,USD,Luiz Gustavo Caminha,Ganho,2024-12-17,3100.0
Uso de Cartão,Stone,3300.0,BRL,Lamoni Queiroz,Ganho,2024-12-13,541.3034869161557
14764 - ARG - Smart research,Sermo,30000.0,USD,Samuel Sousa,Ganho,2024-12-12,30000.0
Generative ai BR,Dscout,3600.0,USD,Lucas Felix,Ganho,2024-12-06,3600.0
Sensodyne Access Concept development,Discuss,945.0,USD,Samuel Sousa,Ganho,2024-12-05,945.0
Bid request - Mexico Pure,Discuss,2560.0,USD,Luiz Gustavo Caminha,Ganho,2024-12-05,2560.0
Bid Request - Danonino Spain Exploration,Discuss,2250.0,USD,Luiz Gustavo Caminha,Ganho,2024-12-05,2250.0
2024 Dolex Naturals Concept Test Colombia,Discuss,1750.0,USD,Samuel Sousa,Ganho,2024-12-03,1750.0
RFQ - URGENT - Cereal Project - Mexico,SAGO,3025.0,USD,Luiz Gustavo Caminha,Ganho,2024-12-02,3025.0
FQM Farma - varicell,FQM FARMA,7212.46,BRL,Luiz Gustavo Caminha,Ganho,2024-12-02,1183.0696203767563
Project_Xmas,Vivo,49140.0,USD,Eri Johnson,Ganho,2024-12-02,49140.0
Stone - telas do app,Stone,1977.61,BRL,Lamoni Queiroz,Ganho,2024-11-22,340.58802041646913
Stone - vender e receber,Stone,4500.0,BRL,Lamoni Queiroz,Ganho,2024-11-22,774.9991615506148
Handshake - Controle de materiais,Handshake,8143.0,BRL,Lamoni Queiroz,Ganho,2024-11-21,1402.4040383348124
SME Interviews,AMI,13810.0,USD,Samuel Sousa,Ganho,2024-11-19,13810.0
Uber - Payments,Uber,14600.0,USD,Lamoni Queiroz,Ganho,2024-11-14,14600.0
RecargaPay,Payments CMI,15300.0,USD,Lucas Felix,Ganho,2024-11-11,15300.0
14437- [Smart research] - BRA - OPTOMETRISTS- Quant,Sermo,5000.0,USD,Luiz Gustavo Caminha,Ganho,2024-11-07,5000.0
15181- [Smart Research]- RSV Post Launch Tracker W4- ObGyns- ARG,Sermo,6075.0,USD,Luiz Gustavo Caminha,Ganho,2024-11-06,6075.0
Pesquisa de persona para Fumagum,FQM FARMA,5467.51,BRL,Samuel Sousa,Ganho,2024-11-05,941.6257035043559
Toilet cleanser Brazil and Mexico,Sam Research,31800.0,EUR,Eri Johnson,Ganho,2024-11-05,33824.494
Suntory Global Jim Beam Empathy Pilot Q4 2024 (Brazil) (1),Discuss,480.0,USD,Lamoni Queiroz,Ganho,2024-11-01,480.0
Photos Wave 5,Dscout,2700.0,USD,Lucas Felix,Ganho,2024-10-31,2700.0
Lumanity PRJ002757 - Lung Cancer ATU W2 - Brazil,Lumanity,6600.0,USD,Samuel Sousa,Ganho,2024-11-01,6600.0
RFQ_Brazil REF Consumer study_2nd,NielsenIQ Korea,39982.5,USD,Lucas Felix,Ganho,2024-10-31,39982.5
Projeto Amendoim,General Mills,40000.0,BRL,Samuel Sousa,Ganho,2024-10-31,7112.9969143510125
Bid request - Danone Brand love 2,Discuss,570.0,USD,Luiz Gustavo Caminha,Ganho,2024-10-30,570.0
Research of Smartphone Users in Brazil-RFQ,Vivo,44364.19,USD,Eri Johnson,Ganho,2024-10-29,44364.19
Bid request - Danonino Brand love exploration,Discuss,660.0,USD,Luiz Gustavo Caminha,Ganho,2024-10-29,660.0
Campanha de Giro,Stone,1570.46,BRL,Lamoni Queiroz,Ganho,2024-10-23,279.26692835279226
Medtech - third wave,Markelytics,3900.0,USD,Antonio Valdeci,Ganho,2024-10-23,3900.0
Lays HJTBD - Spain (1 recruit only),Discuss,210.0,USD,Lamoni Queiroz,Ganho,2024-10-22,210.0
Projeto Sinqia,Sinqia,22800.68,BRL,Lamoni Queiroz,Ganho,2024-10-22,4054.529162127621
Stone Chargeback,Stone,1861.0,BRL,Lamoni Queiroz,Ganho,2024-10-21,330.93218144018084
Project TV Study,NielsenIQ China,4710.0,USD,Lucas Felix,Ganho,2024-10-18,4710.0
Portal da Transparência CGU,Gauge,2400.0,BRL,Lamoni Queiroz,Ganho,2024-10-16,426.77981486106074
Lays HJTBD (Mexico),Discuss,315.0,USD,Antonio Valdeci,Ganho,2024-10-18,315.0
#537736 - CAT Countlines BR,Sam Research,1135.0,EUR,Samuel Sousa,Ganho,2024-10-16,1237.8017096774195
Projeto PagBank,Payments CMI,9070.0,USD,Lucas Felix,Ganho,2024-10-11,9070.0
Local insights request (Brazil & Chile),Kantar Korea,12000.0,USD,Lucas Felix,Ganho,2024-10-11,12000.0
Desodorantes,Mindline,3410.0,USD,Lucas Felix,Ganho,2024-10-11,3410.0
84844 FKA  2024-21138 83974 Communities OS 2020-13804,Ronin International,7300.0,USD,Samuel Sousa,Ganho,2024-10-11,7300.0
RECRUITMENT ONLY REQUEST - MEXICO,SAGO,340.0,USD,Antonio Valdeci,Ganho,2024-10-07,340.0
FQM - Usuárias de Floratil,FQM FARMA,7300.0,BRL,Samuel Sousa,Ganho,2024-10-03,1298.1219368690597
Bid Request - Pepsi - Lays Football Qualitative (Spain/Mexico),Discuss,11170.0,USD,Luiz Gustavo Caminha,Ganho,2024-10-04,11170.0
vivo Project Ellos-RFQ,Vivo,49320.0,USD,Eri Johnson,Ganho,2024-09-30,49320.0
"new project request - marketplace scams MX, BR, CA",Dscout,3420.0,USD,Lucas Felix,Ganho,2024-09-27,3420.0
Uso de Pix chave,Stone,1920.0,BRL,Lamoni Queiroz,Ganho,2024-09-26,347.2413603042496
stone gestão de recebíveis e uso de produtos,Stone,1480.0,BRL,Lamoni Queiroz,Ganho,2024-09-25,267.66521523452576
"Mix of PCPs, and Retail Pharmacists",Sermo,2080.0,USD,Antonio Valdeci,Ganho,2024-09-24,2080.0
Ponds Mexico: Smart Research,Borderlessaccess,560.0,USD,Antonio Valdeci,Ganho,2024-09-24,560.0
Meli SMBs,Mercado Livre Brasil,11051.0,BRL,Lamoni Queiroz,Ganho,2024-09-23,1998.6272253761786
AZ278_RPSG_0924,Azure,3500.0,USD,Lucas Felix,Ganho,2024-09-23,3500.0
"Bid Request - Youth Debit Phase 2 Mexico, Brazil",Discuss,1620.0,USD,Luiz Gustavo Caminha,Ganho,2024-10-08,1620.0
RFQ for Spanish users,Designclub,4745.0,EUR,Antonio Valdeci,Ganho,2024-09-27,5272.153683333332
AATTR-CM & ATTR-PN Study – BRA – Neurology,Sermo,1500.0,USD,Antonio Valdeci,Ganho,2024-09-17,1500.0
Buying Factors Survey,Sermo,3986.36,USD,Antonio Valdeci,Ganho,2024-09-24,3986.36
stone-teste-de-usabilidade-consolidador-ton,Stone,1489.02,BRL,Lamoni Queiroz,Ganho,2024-09-13,269.2965262084551
Stone = Giro Fácil,Stone,1489.0,BRL,Lamoni Queiroz,Ganho,2024-09-12,269.29290911095194
Instagram Notes & Messaging BR,Dscout,2025.0,USD,Lucas Felix,Ganho,2024-09-11,2025.0
RFQ - 3 US Expert Emulator User - Multi-instancing,Themindmarket,2290.0,USD,Luiz Gustavo Caminha,Ganho,2024-09-11,2290.0
"Project Malta (Brazil, Mexico)",Discuss,560.0,USD,Antonio Valdeci,Ganho,2024-09-09,560.0
Panel Gen Z (Additional 3 months),Motif,8900.0,USD,Lucas Felix,Ganho,2024-09-09,8900.0
Uber - Older Adults - BR and IN,Uber,37600.0,USD,Lamoni Queiroz,Ganho,2024-09-05,37600.0
Stone Estorno,Stone,1861.28,BRL,Lamoni Queiroz,Ganho,2024-09-05,336.62156203494465
RFQ: Uber11321-12 moderation & simtrans only,The MindMarket,5900.0,USD,Luiz Gustavo Caminha,Ganho,2024-09-06,5900.0
Rappi Latam Segunda onda,Rappi,700.0,USD,Lamoni Queiroz,Ganho,2024-09-03,700.0
Peru: Vaping Video Diaries,MRFGR,800.0,USD,Samuel Sousa,Ganho,2024-09-03,800.0
RFQ_77647765 - Online Interviews and Focus Group with Blue Collars and Managers,Unguess,5930.0,EUR,Samuel Sousa,Ganho,2024-09-05,6588.803233333332
Uber - RA,Uber,9830.0,USD,Lamoni Queiroz,Ganho,2024-08-29,9830.0
Project - Rush - CD - 501,Eversana,3180.0,USD,Lamoni Queiroz,Ganho,2024-08-29,3180.0
Uber - BRL,Uber,1080.0,USD,Lamoni Queiroz,Ganho,2024-08-29,1080.0
Uber Older Adults,Uber,41600.0,USD,Lamoni Queiroz,Ganho,2024-08-28,41600.0
Audio Guideline,Firstsource,3097.5,USD,Lucas Felix,Ganho,2024-08-27,3097.5
New project: Air Max,Discuss,1250.0,USD,Antonio Valdeci,Ganho,2024-08-27,1250.0
Betting Survey,AMI,7610.0,USD,Lucas Felix,Ganho,2024-08-26,7610.0
Standard Name Safety Check,Sermo,3880.0,USD,Antonio Valdeci,Ganho,2024-08-27,3880.0
Project MALTA,Discuss,230.0,USD,Lamoni Queiroz,Ganho,2024-08-22,230.0
Surveys in Brazil & Mexico,Sam Research,43830.0,EUR,Eri Johnson,Ganho,2024-08-22,48225.583451612896
US Consumers Nat Gen Pop,The MindMarket,570.0,USD,Samuel Sousa,Ganho,2024-08-22,570.0
Uber - Brazil,SAGO,3672.5,USD,Antonio Valdeci,Ganho,2024-09-11,3672.5
Cotización reclutamiento de participantes,Raven.inc,1610.0,USD,Samuel Sousa,Ganho,2024-08-20,1610.0
Estudo Compradores Handshake,Handshake,11348.0,BRL,Lamoni Queiroz,Ganho,2024-08-20,2035.917400742748
Smart Research & Realme,realme,54233.57,USD,Samuel Sousa,Ganho,2024-09-18,54233.57
1420754_Mexico Cities Study,SAGO,144.0,USD,Samuel Sousa,Ganho,2024-08-16,144.0
"Global Breakfast Deep Dive (Madrid, Spain and Milan, Italy)",Discuss,4964.5,USD,Antonio Valdeci,Ganho,2024-08-20,4964.5
Prepaid mobile top-up MX,Dscout,15000.0,USD,Eri Johnson,Ganho,2024-08-14,15000.0
Estudio SMBs,Mercado Livre Brasil,6398.15,BRL,Lamoni Queiroz,Ganho,2024-08-13,1147.8767110999484
Communication Beverages COGOBAL - Colombia- WAVE 2 - Agosto 2024,Azure,1408.0,USD,Lucas Felix,Ganho,2024-08-13,1408.0
AC Influenciadores Imobiliários,AC PESQUISA,6300.0,BRL,Lamoni Queiroz,Ganho,2024-08-09,1130.2678555410039
Projeto Gauge - Portal da Transparência,Gauge,2966.42,BRL,Lamoni Queiroz,Ganho,2024-08-09,532.1982812752294
RTP:13522- Vascular Diseases Research,Sermo,8855.0,USD,Samuel Sousa,Ganho,2024-08-27,8855.0
Hemophilia A/B Research – BRA – Hem Oncs,Sermo,2405.0,USD,Samuel Sousa,Ganho,2024-08-09,2405.0
Hem A and Hem B – Fine Research – BRA,Sermo,2310.0,USD,Antonio Valdeci,Ganho,2024-08-09,2310.0
Transcripts Brazilian Portuguese to English,The MindMarket,532.72,USD,Samuel Sousa,Ganho,2024-08-08,532.72
new project request -- YouTube fans BR,Dscout,2025.0,USD,Eri Johnson,Ganho,2024-08-08,2025.0
NIQ_Cost/Schedule request_Brazil IMA Study_ 2nd Phase,NielsenIQ Korea,38570.0,USD,Lucas Felix,Ganho,2024-08-08,38570.0
Pesquisa Qualitativa - Raio-X no app Stone,Stone,1116.77,BRL,Lamoni Queiroz,Ganho,2024-08-08,200.35702111627413
Teste de Usabilidade - Chatbot Desbloqueio de Cartão,Stone,4440.0,BRL,Lamoni Queiroz,Ganho,2024-08-08,796.5697267622313
Rappi Piloto,,560.0,USD,Lamoni Queiroz,Ganho,2024-08-07,560.0
MS2400115_Med-tech_Latam,Markelytics,4110.0,USD,Antonio Valdeci,Ganho,2024-08-08,4110.0
photos panel BR - Wave 4,Dscout,2700.0,USD,Eri Johnson,Ganho,2024-08-07,2700.0
HUT Laundry Argentina,Takasago,54000.0,USD,Eri Johnson,Ganho,2024-10-11,54000.0
Pesquisa Qualitativa - Antecipação (Desunificação),Stone,1861.28,BRL,Lamoni Queiroz,Ganho,2024-08-06,333.92777050180314
Reclutamiento Users y Never Users - Meli,Mercado Livre Brasil,12738.14,BRL,Lamoni Queiroz,Ganho,2024-08-06,2285.3190764096958
Body Brazil,Mindline,1400.0,USD,Lamoni Queiroz,Ganho,2024-08-06,1400.0
Uber Glide,Uber,28400.0,USD,Lamoni Queiroz,Ganho,2024-08-05,28400.0
Demand Space Depth Interviews (Mexico),Discuss,200.0,USD,Antonio Valdeci,Ganho,2024-08-09,200.0
GPs/Endo-Diab/ Diabetic nurse,Sermo,542.5,USD,Antonio Valdeci,Ganho,2024-07-31,542.5
ARG - Treatment of RSV - OBGYNS,Sermo,4275.0,USD,Lucas Felix,Ganho,2024-07-30,4275.0
"Youth Co-Creation (Colombia, Mexico, Italy)",Discuss,630.0,USD,Antonio Valdeci,Ganho,2024-08-01,630.0
voice assistance CA,Dscout,6750.0,USD,Lucas Felix,Ganho,2024-07-26,6750.0
"Qual: Bra, Mex, USA",Norstat Austria,45998.0,EUR,Lamoni Queiroz,Ganho,2024-07-24,49906.642954838695
"New Request for CLT Bouillon in Brazil, Panama, Colombia",Sam Research,152718.0,EUR,Eri Johnson,Ganho,2024-07-24,165695.08889032254
Type 2 Diabetes Study,Sermo,5220.0,USD,Antonio Valdeci,Ganho,2024-07-23,5220.0
SUV Exploration,Ipsos Brasil,20880.0,BRL,Lucas Felix,Ganho,2024-07-23,3781.131505020092
Gaviscon Lower GI - Self Captures Only Italy,Discuss,525.0,USD,Antonio Valdeci,Ganho,2024-07-19,525.0
RFQ - Immunology Study - Qual - Brazil,Sermo,11755.0,USD,Lucas Felix,Ganho,2024-07-18,11755.0
Pesquisa Mato Grosso e Araraquara,AC PESQUISA,7328.79,BRL,Lamoni Queiroz,Ganho,2024-07-18,1327.1608602814272
MDLZ Functional Snacking V3 Project,Discuss,477.5,USD,Antonio Valdeci,Ganho,2024-07-18,477.5
Recrutamento - Design Lab Serasa Experian,Serasa,1861.28,BRL,Lamoni Queiroz,Ganho,2024-07-17,337.0567264206799
new project request - womens race running AUS,Dscout,4550.0,USD,Lucas Felix,Ganho,2024-07-17,4550.0
Recrutamento Unifique RS,Rede Unifique,2791.92,BRL,Lamoni Queiroz,Ganho,2024-07-15,505.5850896310199
NICU_MS2400097,Markelytics,3210.0,USD,Antonio Valdeci,Ganho,2024-07-19,3210.0
AD Study- Brazil - Go Ahead - CD - 481,Eversana,1230.0,USD,Lamoni Queiroz,Ganho,2024-07-11,1230.0
CAR MAINTENANCE PROJECT -MEXICO,SAGO,5040.0,USD,Antonio Valdeci,Ganho,2024-07-11,5040.0
new project request -- LinkedIn video BR,Dscout,2700.0,USD,Eri Johnson,Ganho,2024-07-11,2700.0
Communication Beverages COGOBAL - Colombia- WAVE 1 - Julho 2024,Azure,1540.0,USD,Lucas Felix,Ganho,2024-07-10,1540.0
RFQ - Urgent B2B recruitment in Mexico,FieldworkHub,3575.0,USD,Lamoni Queiroz,Ganho,2024-07-09,3575.0
EP Azeitonas São Paulo presencial,433,1151.66,BRL,Lamoni Queiroz,Ganho,2024-07-09,208.55258185208044
Communication Beverages COGOBAL - Guatemala - WAVE 1 - Julho 2024,Azure,2640.0,USD,Lucas Felix,Ganho,2024-07-05,2640.0
Projeto Sucata SDM segunda onda - Bosch,Bosch,12000.0,BRL,Lamoni Queiroz,Ganho,2024-07-05,2173.0640833448806
Activia Barriers Study Spain,Discuss,1000.0,USD,Antonio Valdeci,Ganho,2024-07-05,1000.0
Coinba11983,AnswerLab,4535.0,USD,Lamoni Queiroz,Ganho,2024-07-02,4535.0
Online purchase channels for home appliances study - Brazil,Kantar Korea,9915.0,USD,Eri Johnson,Ganho,2024-07-02,9915.0
AZ386_PAHS_0624,Azure,2790.0,USD,Lucas Felix,Ganho,2024-06-28,2790.0
Surgeons-Admins-Brazil-Smart Research,Sermo,5715.0,USD,Antonio Valdeci,Ganho,2024-06-27,5715.0
PFs que não vendem,Stone,1721.68,BRL,Lamoni Queiroz,Ganho,2024-06-26,319.5174797596678
Donos de Negócios,Stone,488.59,BRL,Lamoni Queiroz,Ganho,2024-06-26,90.67483239381075
RFQ - Playtomic Application -Mexico,SAGO,1250.0,USD,Lamoni Queiroz,Ganho,2024-06-26,1250.0
Vivo Project Bottega RFQ,Vivo,3400.0,USD,Eri Johnson,Ganho,2024-06-25,3400.0
Research Support Uber,Uber,12050.0,USD,Lamoni Queiroz,Ganho,2024-06-25,12050.0
PROJECT COMMISSIONING - BANK APP USERS - BRAZIL & MEXICO - SPA2410095/GQE24800008,SAGO,1600.0,USD,Lamoni Queiroz,Ganho,2024-06-19,1600.0
BA1006 - Diapers/Nappy Study,Borderless Access,11450.0,USD,Samuel Sousa,Ganho,2024-08-09,11450.0
Subway Demand,Brain Research,9484.6,USD,Eri Johnson,Ganho,2024-06-18,9484.6
CLT Baby Skin Care Brazil,Sam Research,39360.0,EUR,Eri Johnson,Ganho,2024-06-07,42356.3456
Stone Simulador Unificado,Stone,1535.55,BRL,Lamoni Queiroz,Ganho,2024-06-07,284.97459809311715
Stone ton simulador unificado,Stone,430.42,BRL,Lamoni Queiroz,Ganho,2024-06-07,79.87936993991696
Project - Elasticity,Eversana,2870.0,USD,Lamoni Queiroz,Ganho,2024-06-12,2870.0
11326 - SMART RESEARCH - ARGENTINA,Sermo,7470.0,USD,Petersson Cavalcante,Ganho,2024-06-06,7470.0
Projeto Tapstone,Stone,2582.53,BRL,Lamoni Queiroz,Ganho,2024-06-06,479.27807548657995
HUT cosmetic products MEXICO - CeraVe Foaming cleanser,Sam Research,20250.0,EUR,Eri Johnson,Ganho,2024-06-05,21791.565
Prime Day,Dscout,2000.0,USD,Eri Johnson,Ganho,2024-06-03,2000.0
photos panel BR - Wave 3,Dscout,2970.0,USD,Eri Johnson,Ganho,2024-05-31,2970.0
RFQ 230393_Brazil,Lumanity,5787.0,USD,Petersson Cavalcante,Ganho,2024-05-31,5787.0
Project - Ocean - CD 422,Eversana,9850.0,USD,Lamoni Queiroz,Ganho,2024-07-05,9850.0
Recrutamento projeto SDM,Bosch,6659.0,BRL,Lamoni Queiroz,Ganho,2024-05-27,1297.4316533279396
Stone - Pesquisa Pix Recorrente 2Q24,Stone,3822.6,BRL,Layhellen Cardoso,Ganho,2024-05-24,744.790845173657
Stone - Pesquisa Cliente CPF 2Q24,Stone,1395.96,BRL,Layhellen Cardoso,Ganho,2024-05-24,271.9871888841674
Stone - Liquidação D0,Stone,3443.37,BRL,Layhellen Cardoso,Ganho,2024-05-24,670.9021222585715
Life Trends (Brazil) 2,MRFGR,1130.0,USD,Petersson Cavalcante,Ganho,2024-06-10,1130.0
Search Behavior IT/SP,Dscout,5100.0,USD,Eri Johnson,Ganho,2024-05-22,5100.0
Vivo IDI Brazil,Vivo,35040.0,USD,Eri Johnson,Ganho,2024-05-21,35040.0
Bid 1377989 Global HPV HCP Segmentation Survey - URGENT / SCPO 585208,SAGO,3544.0,USD,Petersson Cavalcante,Ganho,2024-05-17,3544.0
Urgent RFQ: Bid 1415092 - Pizza Study 2024 (1287647),SAGO,1065.0,USD,Lamoni Queiroz,Ganho,2024-05-16,1065.0
Abdominal Pain - Spain,Discuss,570.0,USD,Antonio Valdeci,Ganho,2024-05-15,570.0
Estudo Rípio - Crypto,Ripio,21000.0,BRL,Lamoni Queiroz,Ganho,2024-07-05,3802.862145853541
whatsapp onboarding flow BR,Dscout,2160.0,USD,Lucas Felix,Ganho,2024-05-10,2160.0
RFQ Brazil REF Consumer study,NielsenIQ Korea,42611.27,USD,Lucas Felix,Ganho,2024-05-10,42611.27
RFQ Brazil IMA Study,NielsenIQ Korea,54060.0,USD,Lucas Felix,Ganho,2024-05-10,54060.0
Serasa,Serasa,152000.0,BRL,Lamoni Queiroz,Ganho,2024-07-02,27525.478389035154
Europe Consumer Connects (Spain),Discuss,1535.0,USD,Antonio Valdeci,Ganho,2024-05-22,1535.0
Transcription Global - Professionals of newborns and babies,Think Healthcare solutions,3000.0,USD,Lucas Felix,Ganho,2024-05-03,3000.0
Ice Tea Peach sourcing project - Mexico,Victoria Lorenzana,930.0,EUR,Samuel Sousa,Ganho,2024-05-27,1005.2772999999996
Common coronary & peripheral vascular percutaneous procedures,Adept Field,180.0,USD,Samuel Sousa,Ganho,2024-04-30,180.0
Bid request - Vetiver Neo BR Stillomatics Qual,Discuss,780.0,USD,Samuel Sousa,Ganho,2024-04-24,780.0
Empresas de Medicina e Segurança do Trabalho,Chelles e Hayashi,7852.28,BRL,Lamoni Queiroz,Ganho,2024-04-23,1513.5588020335551
Uber11321-07 - moderation and sim trans only,The MindMarket,3375.0,USD,Lucas Felix,Ganho,2024-04-23,3375.0
CLT in Mexico,SAGO,25310.0,USD,Samuel Sousa,Ganho,2024-05-24,25310.0
"English Teachers - Brazil, Mexico, Ecuador",SAGO,3140.0,USD,Antonio Valdeci,Ganho,2024-04-19,3140.0
11744 - Smart Research - Your opinion on Imaging Systems - BRA,Sermo,6850.0,USD,Petersson Cavalcante,Ganho,2024-04-17,6850.0
[LATAM] | Hyundai Advt Collection 2024 | Optimus 23-061322-01,Ipsos,1120.0,USD,Samuel Sousa,Ganho,2024-04-30,1120.0
Bladder Cancer,Adept Field,12225.0,USD,Lucas Felix,Ganho,2024-04-15,12225.0
11509- [Smart research]- Comirnaty COVID Vaccine Message Testing Study – BRA – IDs | Cards | Pneums,Sermo,4880.0,USD,Lucas Felix,Ganho,2024-04-12,4880.0
Medtech projects_MS2400054,Markelytics,7350.0,USD,Antonio Valdeci,Ganho,2024-04-18,7350.0
Cotação FGs em São Paulo & Goiânia,Zoomlab,21562.3,BRL,Lucas Felix,Ganho,2024-04-09,4156.220735517343
BTG Pactual Cripto,BTG Pactual,1140.0,BRL,Samuel Sousa,Ganho,2024-04-08,219.73962139891253
"new project request - social customer support BR, IT",Dscout,5850.0,USD,Lucas Felix,Ganho,2024-04-05,5850.0
Surgeons Quant and Qual / FSI,Sermo,4110.0,USD,Antonio Valdeci,Ganho,2024-05-03,4110.0
Qualitativo Churn Unifique,Rede Unifique,2120.0,BRL,Lamoni Queiroz,Ganho,2024-04-05,408.63859418043387
FEI Voltaren Systemics (self captures for Italy),Discuss,260.0,USD,Antonio Valdeci,Ganho,2024-04-05,260.0
Kantar Korea | Mobile store mystery shopping (Brazil & Mexico),Kantar Korea,1980.0,USD,Eri Johnson,Ganho,2024-04-04,1980.0
CLT Choco Bakery,Sam Research,23375.0,EUR,Eri Johnson,Ganho,2024-04-04,25067.914224137934
Global Innovation Concept Development (Mexico),Discuss,3285.0,USD,Antonio Valdeci,Ganho,2024-06-13,3285.0
Freemavens - Leadership Piece (Self Captures Spain),Discuss,3050.0,USD,Lucas Felix,Ganho,2024-03-28,3050.0
Neoway,Neoway,4885.0,BRL,Lamoni Queiroz,Ganho,2024-05-27,951.7875997157208
Viewers/Potential Creators - UK,Dscout,3025.0,USD,Lucas Felix,Ganho,2024-03-27,3025.0
JusBrasil teste maze,JusBrasil,2035.78,BRL,Antonio Valdeci,Ganho,2024-03-26,0.0
10992 - Cardiovascular Study - Smart Research  - BRA,Sermo,7000.0,USD,Lucas Felix,Ganho,2024-03-22,7000.0
RE: Pesquisa,Chelles e Hayashi,2035.78,BRL,Lamoni Queiroz,Ganho,2024-03-21,0.0
BTG PME Exportações,BTG Pactual,2750.0,BRL,Lamoni Queiroz,Ganho,2024-03-20,0.0
RFQ - Bank App Users - Mexico,SAGO,1090.0,USD,Antonio Valdeci,Ganho,2024-03-26,1090.0
(GLR) RE: RFQ_389_Brand perception; wire tire CATI,Rosenthal,355.0,USD,Lucas Felix,Ganho,2024-03-20,355.0
10903 - Sports Injury Research - Smart Research - Colum,Sermo,2090.0,USD,Lamoni Queiroz,Ganho,2024-03-19,2090.0
[BR SIM TRANS] ANS049 - Uber11321-03 Uber Riders in Brazil,The MindMarket,2310.0,USD,Lamoni Queiroz,Ganho,2024-03-19,2310.0
Payment Apps study,SAGO,7785.0,USD,Antonio Valdeci,Ganho,2024-04-30,7785.0
Retail Stone,Stone,1807.77,BRL,Lucas Felix,Ganho,2024-03-15,0.0
Discover ads BR,Dscout,3900.0,USD,Lucas Felix,Ganho,2024-03-13,3900.0
body type NZ,Dscout,6550.0,USD,Lucas Felix,Ganho,2024-03-12,6550.0
RTP 10554- Global Brand Toxin Research -MULTICOUNTRY-SMART RESEARCH,Sermo,23480.0,USD,Lamoni Queiroz,Ganho,2024-03-12,23480.0
84815 FKA 2023-20596 previously  84563 2022-17852 RFQ x Smart Research (Brazil+Mexico),Ronin International,23412.0,USD,Lucas Felix,Ganho,2024-03-11,23412.0
Bid request - Harmonia (BR),Discuss,935.0,USD,Antonio Valdeci,Ganho,2024-03-07,935.0
RE: HPV Study: Mexico,SAGO,3544.0,USD,Lamoni Queiroz,Ganho,2024-02-29,3544.0
Remote 60 minutes IDIs,Motif,3522.1,USD,Eri Johnson,Ganho,2024-02-28,3522.1
9938 - Obesity Study - Smart Research - BRA- Quant,Sermo,9398.0,USD,Antonio Valdeci,Ganho,2024-02-28,9398.0
Cotización estudio: Discovery restaurantes en México,Multiplica,520.0,USD,Antonio Valdeci,Ganho,2024-03-21,520.0
Projeto WPP11,Ipsos Brasil,300.0,BRL,Lucas Felix,Ganho,2024-02-23,0.0
Novo Projeto,will bank,2640.0,BRL,Lamoni Queiroz,Ganho,2024-02-22,0.0
RFQ: MetaFB9726 GenAI chatbot users,The MindMarket,7970.0,USD,Lamoni Queiroz,Ganho,2024-03-15,7970.0
RFQ: ANS043 - Google11386 Round 2,The MindMarket,5430.0,USD,Lucas Felix,Ganho,2024-02-26,5430.0
creator effects UK,Dscout,2690.0,USD,Lucas Felix,Ganho,2024-02-22,2690.0
"photos testimonial BR, MX",Dscout,675.0,USD,Lucas Felix,Ganho,2024-04-15,675.0
Video shopping BR,Dscout,4500.0,USD,Lucas Felix,Ganho,2024-04-30,4500.0
[URGENTE] Requerimiento de reclutamiento de perfiles B2B,Multiplica,1150.0,USD,Lamoni Queiroz,Ganho,2024-02-13,1150.0
Product sourcing_ Chocolate_Brazil,Sam Research,775.0,USD,Lucas Felix,Ganho,2024-02-13,775.0
Projeto Nova Iorque,will bank,1650.0,BRL,Lamoni Queiroz,Ganho,2024-02-08,0.0
Photos panel BR wave 2,Dscout,2835.0,USD,Lucas Felix,Ganho,2024-02-08,2835.0
Brand Name Risk Assessment Research,Vivo,15000.0,USD,Eri Johnson,Ganho,2024-02-07,15000.0
RFQ MPM 2024 BR,GIM,7125.0,EUR,Lucas Felix,Ganho,2024-02-07,7695.073706896552
Simultaneous Translator for Client Presentation,AnswerLab,280.0,USD,Lamoni Queiroz,Ganho,2024-02-05,280.0
Restaurant onwers 5th,SAGO,1590.0,USD,Lamoni Queiroz,Ganho,2024-02-05,1590.0
Q13355 Prostate Cancer,Adept Field,15575.0,USD,Lucas Felix,Ganho,2024-02-21,15575.0
Profile notes CO,Dscout,2265.0,USD,Lucas Felix,Ganho,2024-02-05,2265.0
RFQ [LATAM] | Kia Advt Collection 2024 | Megatron 23-065959-01,Ipsos,7100.0,USD,Lucas Felix,Ganho,2024-02-13,7100.0
[Multiplica] Colaboración reclutamiento Colombia,Multiplica,600.0,USD,Lamoni Queiroz,Ganho,2024-02-08,600.0
RE: ANS043 [BR] Service Request - APaS Open Labs Research Scope,Themindmarket,5910.0,USD,Camila Bezerra,Ganho,2024-01-31,5910.0
9924 - Injectables and Body Contouring Survey - COL - Smart Research,Sermo,1950.0,USD,Lamoni Queiroz,Ganho,2024-02-19,1950.0
Re: Smart Research - Thailand research,Kantar,29375.0,USD,Lamoni Queiroz,Ganho,2024-01-30,29375.0
Request for bid - International travelers -due asap,SAGO,10250.0,USD,Antonio Valdeci,Ganho,2024-06-07,10250.0
Banco Carrefour Anual,Banco Carrefour,50000.0,BRL,Lamoni Queiroz,Ganho,2024-01-25,0.0
Teste agendamento de consultas,Cardioline,2326.8,BRL,Lamoni Queiroz,Ganho,2024-01-25,0.0
Banco Inter Anual,Banco Inter,66000.0,BRL,Lamoni Queiroz,Ganho,2024-01-24,0.0
Fiesta,Discuss,865.0,USD,Pedro Almeida,Ganho,2024-01-23,865.0
Honduras FGDs,Untold Research,13600.0,USD,Lucas Felix,Ganho,2024-01-18,13600.0
reclutamiento de gerentes de tráfico MX,Multiplica,206.0,USD,Camila Bezerra,Ganho,2024-01-18,206.0
JusBrasil Anual - Janeiro 2024,JusBrasil,207589.0,BRL,Lamoni Queiroz,Ganho,2024-01-17,0.0
297-20240104 - Fabry Disease HCP Segmentation_20240104,IQVIA,1310.0,USD,Lucas Felix,Ganho,2024-01-12,1310.0
Panel Gen Z,Motif,15678.0,USD,Eri Johnson,Ganho,2024-01-12,15678.0
Re: RFQ - Restaurant Owners and Chefs - Mexico,SAGO,950.0,USD,Lamoni Queiroz,Ganho,2024-01-12,950.0
Get Ready With Me - ELT Offsite,Discuss,380.0,USD,Pedro Almeida,Ganho,2024-01-12,380.0
CO&CL user recruitment project-Quotation,Vivo,28080.0,USD,Eri Johnson,Ganho,2024-01-04,28080.0
Piloto Unifique,Rede Unifique,2669.77,BRL,Lamoni Queiroz,Ganho,2024-01-03,0.0
Kitchen Appliences,Flume,5180.0,EUR,Lucas Felix,Ganho,2024-03-07,5630.733999999999
Bid request: Clover,Discuss,210.0,USD,Pedro Almeida,Ganho,2024-01-16,210.0
Photos panel BR,Dscout,2700.0,USD,Lucas Felix,Ganho,2024-04-09,2700.0
